<?xml version="1.0" encoding="UTF-8"?>
<project-private xmlns="http://www.netbeans.org/ns/project-private/1">
    <editor-bookmarks xmlns="http://www.netbeans.org/ns/editor-bookmarks/2" lastBookmarkId="0"/>
    <open-files xmlns="http://www.netbeans.org/ns/projectui-open-files/2">
        <group>
            <file>file:/C:/TEC/II%20SEMESTRE/POO/TCS/TC09_MVC/src/Vista/VentanaSumar.java</file>
            <file>file:/C:/TEC/II%20SEMESTRE/POO/TCS/TC09_MVC/src/modelo/Suma.java</file>
            <file>file:/C:/TEC/II%20SEMESTRE/POO/TCS/TC09_MVC/src/Controlador/controller.java</file>
            <file>file:/C:/TEC/II%20SEMESTRE/POO/TCS/TC09_MVC/src/Aplication/Main.java</file>
        </group>
    </open-files>
</project-private>
