<?xml version="1.0" encoding="UTF-8"?>
<project-private xmlns="http://www.netbeans.org/ns/project-private/1">
    <editor-bookmarks xmlns="http://www.netbeans.org/ns/editor-bookmarks/2" lastBookmarkId="0"/>
    <open-files xmlns="http://www.netbeans.org/ns/projectui-open-files/2">
        <group>
            <file>file:/C:/TEC/II%20SEMESTRE/POO/Clases/TC1/src/aplication/Main.java</file>
            <file>file:/C:/TEC/II%20SEMESTRE/POO/Clases/TC1/src/conceptos/Mesa.java</file>
        </group>
    </open-files>
</project-private>
