<?xml version="1.0" encoding="UTF-8"?>
<project-private xmlns="http://www.netbeans.org/ns/project-private/1">
    <editor-bookmarks xmlns="http://www.netbeans.org/ns/editor-bookmarks/2" lastBookmarkId="1">
        <file>
            <url>src/ventanas/ventanaServicios.java</url>
            <bookmark id="1">
                <name/>
                <line>34</line>
                <key/>
            </bookmark>
        </file>
    </editor-bookmarks>
    <open-files xmlns="http://www.netbeans.org/ns/projectui-open-files/2">
        <group>
            <file>file:/C:/TEC/II%20SEMESTRE/POO/Proyecto1-POO/src/ventanas/ventanaClientes.java</file>
            <file>file:/C:/TEC/II%20SEMESTRE/POO/Proyecto1-POO/src/aplication/Main.java</file>
        </group>
    </open-files>
</project-private>
